Apartment,n_tenants,PC1_mean,PC2_mean,PC3_mean,PC4_mean,PC5_mean,PC6_mean,PC1_std,PC2_std,PC3_std,PC4_std,PC5_std,PC6_std,ApartmentSize,free_rooms,occupancy_rate,cluster_share_0,cluster_share_1,cluster_share_2,cluster_share_3,compat_mean,mean_dispersion,cluster_dominance,disp_z,dominance_z,occupancy_z,designed_compat_score,dominant_cluster
A.01,2,-1.134906969509506,-0.11735717463150114,0.5046044573230358,0.06260133291462644,-0.30871272524384097,0.3066004786004412,0.21539870873071082,1.0389480154653914,0.6857013081987522,1.5656654585559802,0.07222248040771821,1.296306332846836,2,0,1.0,0.0,0.5,0.5,0.0,4.0,0.8123737173675648,0.5,-0.6779472487039392,-0.44336825620736275,0.5208770887390679,-0.2862980962424915,1
A.02,2,-1.734613113942096,-1.072777994112332,-0.2647658467887921,-0.6928024582867109,0.17540259864899982,1.138682966177837,0.11741176620317144,0.21581839927319,1.203076100307451,0.5592508883435121,1.3002379735903433,0.6896500386939833,2,0,1.0,0.0,0.5,0.5,0.0,2.5,0.6809075277352753,0.5,-1.2584292545628417,-0.44336825620736275,0.5208770887390679,0.29418390961641105,1
A.03,4,-1.373627821566907,0.01580489306797621,-0.21066585751730055,0.09806806282276889,0.4882999683775355,0.7619603035385543,0.1428533457634496,0.5316846001342891,1.099140974510071,0.884210919541954,1.010965556525966,0.8384629650425623,4,0,1.0,0.0,0.5,0.25,0.25,2.75,0.7512197269197154,0.5,-0.9479694585263566,-0.44336825620736275,0.5208770887390679,-0.01627588642007405,1
A.04,3,-0.6103566897610424,-0.2911993012368149,0.39602894023649554,0.49157767483885095,1.0661685341083977,1.0289516262596112,1.143608176696244,0.5114390700942234,0.9140566367471522,1.1392178602120597,1.8995650916758229,0.6591761957181554,3,0,1.0,0.0,0.0,0.3333333333333333,0.6666666666666666,2.6666666666666665,1.0445105051906094,0.6666666666666666,0.34704045806737666,0.39044366706549366,0.5208770887390679,-0.4774738797409509,3
A.05,4,-0.9179310297723606,-1.4278182971914535,-0.30990895917864697,-0.8220673338412673,0.288167780752203,-0.5798959929713743,1.1797299879860996,1.0739795026098815,0.8573808300812915,0.5505754873845772,0.6173925508063385,0.4923747854440165,4,0,1.0,0.0,0.25,0.5,0.25,3.0,0.7952388573853676,0.5,-0.7536053165341361,-0.44336825620736275,0.5208770887390679,-0.21064002841229457,2
A.06,4,-0.4502281967855765,-1.0309349043579457,-0.24817898724125842,-0.14311468343840794,0.8951415233185184,-0.39206869406330536,2.218902030749913,1.4659221238848723,0.6071143501116831,0.8836051831344888,0.6293973908292705,1.2452907167776603,4,0,1.0,0.25,0.25,0.5,0.0,1.75,1.1750386325813147,0.5,0.9233804997213505,-0.44336825620736275,0.5208770887390679,-1.8876258446677812,2
A.11,2,1.169098806363085,-0.4890046738672891,0.29293732686385077,-1.69548864343592,-0.5601819162006784,-0.6499393412461651,0.6718524112004115,1.1233915851410532,2.0391355184890183,1.281023637426905,0.3918428923784561,0.2237150382454885,3,1,0.6666666666666666,0.5,0.0,0.0,0.5,2.5,0.9551601804802221,0.5,-0.04748117412641868,-0.44336825620736275,-1.804520340078847,1.4086332579979028,0
A.12,3,0.07574049852908911,-0.9693697051054012,0.20725248727047726,-0.8189786128002031,-0.47639725153409107,-0.08546482826011308,0.9403900680386817,0.7627653900211828,1.3672731720560427,1.366314325013227,1.105189567119752,0.6627951858900105,3,0,1.0,0.3333333333333333,0.3333333333333333,0.3333333333333333,0.0,2.6666666666666665,1.0341212846898162,0.3333333333333333,0.30116740452806856,-1.2771801794802196,0.5208770887390679,-2.099224672747356,0
A.13,4,-0.03525633294797754,0.22009744371696016,0.139267282964176,0.4781485106592043,-0.5988174766252966,-0.4098645763791025,1.288132336381498,0.7743691590760469,0.6556205883340046,0.7811266671400591,1.0966430915543965,0.9386173070951048,4,0,1.0,0.25,0.25,0.25,0.25,3.75,0.9224181915968517,0.25,-0.19205169401437505,-1.6940861411166477,0.5208770887390679,-2.0229115358413408,0
A.14,3,0.3281542460187103,-0.9002581576790495,0.1593824042589563,-0.1359012796187319,-0.9146964756981899,1.1938265117616689,2.55131561508348,2.1497147350127874,2.191968979679055,0.9497723428676962,1.5615338781977468,1.1895609806320075,3,0,1.0,0.3333333333333333,0.3333333333333333,0.0,0.3333333333333333,2.6666666666666665,1.765644421912129,0.3333333333333333,3.5311691199098774,-1.2771801794802196,0.5208770887390679,-5.329226388129165,0
A.15,4,0.8974782770831383,0.468940264092531,-0.5881814565912163,-0.6574718111437914,-1.097699389720271,0.5700177503237044,1.2816634372771203,1.1721205526929626,0.7868561351668861,0.6123485071643693,0.7719305107683003,1.189536957959889,4,0,1.0,0.5,0.0,0.5,0.0,2.25,0.9690760168382545,0.5,0.01396346517520501,-0.44336825620736275,0.5208770887390679,-0.9782088101216357,0
A.16,4,-0.562400362350228,-0.2540255845514519,0.44118827368719343,0.8150975721366462,0.337724271258266,-0.06766745260672419,1.1787048897157983,0.9994057168059985,1.8324499394177798,0.31289721632435563,0.6717124930419861,1.5424001260619289,4,0,1.0,0.25,0.0,0.5,0.25,1.75,1.0895950635613079,0.5,0.5461089406139948,-0.44336825620736275,0.5208770887390679,-1.5103542855604255,2
A.21,1,-0.11143563277249217,-0.2058824135236625,-0.9319236704994506,1.7142389106242342,-0.615556946966949,0.7905409720839923,,,,,,,2,1,0.5,0.0,0.0,1.0,0.0,2.0,,1.0,,2.058067513611207,-2.967219054487804,,2
A.22,3,-0.5227042979606479,-0.46747149863774334,0.7549014340929489,0.1053202752546823,0.6379676109988753,0.14366195267203663,0.5145698096387029,0.16581860328091116,0.9795265796442747,0.9216592346003762,0.6822804037346197,1.3551181378542314,3,0,1.0,0.0,0.3333333333333333,0.0,0.6666666666666666,3.3333333333333335,0.7698287947921859,0.6666666666666666,-0.8658021037411457,0.39044366706549366,0.5208770887390679,0.7353686820675716,3
A.23,4,-1.1935237029724288,-0.15522967081395128,0.19216509429393724,0.07098363856155476,-0.7075049644044724,-0.7933450687278578,0.4129629527088025,0.9159829082387767,1.6945432733240866,0.7010513590551147,0.7020664763277148,1.6490037153816386,4,0,1.0,0.0,0.25,0.5,0.25,3.0,1.0126017808393557,0.5,0.2061491736419152,-0.44336825620736275,0.5208770887390679,-1.170394518588346,2
A.24,1,-1.230660959165536,-0.3551963527262693,1.5851097701625882,-0.34327205121846666,0.8812828163476024,1.4545720318048208,,,,,,,2,1,0.5,0.0,0.0,0.0,1.0,2.0,,1.0,,2.058067513611207,-2.967219054487804,,3
A.25,3,0.9151441352409507,-0.35257007886032987,-0.5541701816600567,0.4186492376408613,0.11940647621531726,0.10162122121734407,0.9732165246185321,2.151318390183335,1.6089717341988454,1.2275143359694332,0.4355533933039509,0.4660841828213454,4,1,0.75,0.3333333333333333,0.3333333333333333,0.0,0.3333333333333333,2.6666666666666665,1.14377642684924,0.3333333333333333,0.785343884058526,-1.2771801794802196,-1.223170982874368,-0.8393530806643776,0
A.26,4,0.41660258954943197,-0.009626049781089163,-0.9879194878236346,-0.1703832428322199,0.04406425602917566,0.5912902750107814,1.5357633353542635,0.8178645547759168,0.6561196790070134,0.879874555232406,1.3485229872109388,0.6603754002800818,4,0,1.0,0.5,0.25,0.25,0.0,2.75,0.98308675197677,0.5,0.07582712502197768,-0.44336825620736275,0.5208770887390679,-1.0400724699684083,0
A.31,3,-0.1441349688201825,0.038983381588569656,0.3771845075393077,0.03965865329601229,-0.33296550279526443,0.5407713693484458,1.8918325463282086,1.1201953355283254,0.8171995340101144,1.3040339952610265,0.9164539441342853,0.3100191297099963,3,0,1.0,0.3333333333333333,0.3333333333333333,0.3333333333333333,0.0,3.3333333333333335,1.059955747495326,0.3333333333333333,0.4152381084221614,-1.2771801794802196,0.5208770887390679,-2.213295376641449,0
A.32,2,-0.1436672029673136,-1.7448993262634738,-0.07474930055143199,-0.2698540858295844,-0.13849375958306617,0.9905651738813952,1.0288682774915807,0.8694368762449968,0.2474420286308919,0.7510462809508985,0.15156148355875387,1.2171408739500078,2,0,1.0,0.5,0.0,0.5,0.0,2.0,0.7109159701378549,0.5,-1.125928564558266,-0.44336825620736275,0.5208770887390679,0.1616832196118353,0
A.33,2,0.4314097392333618,-0.4363443469109279,-0.22196606314385325,0.17903668537633258,-0.9442902177743111,0.5130308748025386,2.323233271105354,1.7540224393673676,2.324300447011521,0.2338844113031874,2.235696461642158,0.11943793978006197,2,0,1.0,0.5,0.0,0.5,0.0,2.5,1.4984291617016083,0.5,2.3512942739364453,-0.44336825620736275,0.5208770887390679,-3.315539618882876,0
A.34,3,-0.8225756870549165,-0.4103291900190182,0.5050583186973111,-0.2531084524962085,-0.016363308581212044,-0.28624004684182963,0.6183636354656205,0.9047758416746772,0.409822416043674,1.6657163789428073,2.32077895777417,0.26445194842959424,3,0,1.0,0.0,0.3333333333333333,0.6666666666666666,0.0,3.3333333333333335,1.030651529721757,0.6666666666666666,0.2858468850140295,0.39044366706549366,0.5208770887390679,-0.41628030668760374,2
A.35,3,0.8043817819129687,-0.8557129483860527,0.15812157495114296,1.1521660121980277,-0.23990091003065397,-0.28792855136843704,2.440654983189042,1.6649285437319852,0.20920291958072523,1.3084572498287637,0.7063376830300062,0.23257609076139393,4,1,0.75,0.6666666666666666,0.0,0.3333333333333333,0.0,2.3333333333333335,1.093692911686986,0.6666666666666666,0.5642027722398455,0.39044366706549366,-1.223170982874368,1.049411877700016,0
A.36,4,-0.6693983876758216,0.07823079381140613,-0.13265978250681992,-0.9381706620271453,-1.027580492783008,0.45722917722360135,1.293839642399974,2.2910277427806776,1.5125083395589793,0.9521387862076002,1.1349835209858241,0.561685871693495,4,0,1.0,0.0,0.5,0.25,0.25,2.75,1.2910306506044251,0.5,1.4355371194119528,-0.44336825620736275,0.5208770887390679,-2.399782464358384,1
A.41,2,0.8165524283778521,-1.9871006607097708,0.28005977139614796,1.0027114745922363,-0.09301647530954965,0.30995597554514226,1.4457365542593006,0.5513698950165034,0.28672602455375795,1.7974484832458621,0.5531812461562143,1.5947660881943173,2,0,1.0,0.5,0.0,0.5,0.0,4.0,1.0382047152376592,0.5,0.31919757610166705,-0.44336825620736275,0.5208770887390679,-1.2834429210480978,0
A.42,2,-0.03456722793792927,-0.4561342012041356,0.4072940641398427,-0.7405301982647776,-1.3255947187081958,0.5007343055588316,0.8335113992210745,0.5533256518538391,0.04586205421324654,0.12813586015290027,0.61826113168951,0.6207837426517738,2,0,1.0,0.5,0.0,0.5,0.0,3.5,0.4666466399637241,0.5,-2.2044868702784455,-0.44336825620736275,0.5208770887390679,1.2402415253320147,0
A.43,4,0.8683811877004872,0.5660844051481795,0.2001196008310629,-0.9640045356257736,0.04349131901337283,0.12066808956181418,1.560205510817521,0.8873691187875651,0.2638059616478802,1.288307412406,0.7402767086651468,1.0500980417114663,4,0,1.0,0.5,0.25,0.25,0.0,3.25,0.96501045900593,0.5,-0.003987790368474969,-0.44336825620736275,0.5208770887390679,-0.9602575545779557,0
A.44,3,0.08170668895123308,0.09759141052517119,0.07101828980479946,0.13678333069297557,-2.062206038187601,0.05326511947479762,1.9304700554912517,1.0904908610245025,0.6539875247626487,0.40770926911061633,0.6429108456412269,1.6272139140616573,3,0,1.0,0.3333333333333333,0.3333333333333333,0.3333333333333333,0.0,2.6666666666666665,1.0587970783486507,0.3333333333333333,0.4101220660977419,-1.2771801794802196,0.5208770887390679,-2.2081793343170295,0
A.45,3,-0.0340018388141902,-0.07387814657792885,0.6016594166846622,-0.9864260131535482,1.5491152311780578,0.2372874035974526,1.1804140858863106,0.7324853263354612,1.429900225737581,0.7142086538698553,0.7131258642740627,1.243611117934899,4,1,0.75,0.3333333333333333,0.3333333333333333,0.0,0.3333333333333333,3.3333333333333335,1.0022908790063616,0.3333333333333333,0.16062193203727532,-1.2771801794802196,-1.223170982874368,-0.21463112864312683,0
A.46,4,0.5705523913516583,0.271234580097923,0.3250749254171142,0.5122449582022094,0.13193336081397378,0.26727458226898104,1.2556914842622848,0.83229812687715,0.5374690251364787,0.7520898694667897,1.4352215523719505,1.1057877023311948,4,0,1.0,0.5,0.0,0.25,0.25,3.5,0.9864262934076414,0.5,0.09057269355076268,-0.44336825620736275,0.5208770887390679,-1.0548180384971935,0
A.51,3,1.48443125812073,-0.5604859105800758,0.47198854389853245,-0.020956013975785098,0.5564038476269803,0.8802309807028669,0.3806736712047381,0.8323119364013728,2.426449999936721,1.0560301671934915,1.208383945024755,1.4443715363786125,3,0,1.0,0.6666666666666666,0.0,0.0,0.3333333333333333,3.3333333333333335,1.2247035426899486,0.6666666666666666,1.1426732830696635,0.39044366706549366,0.5208770887390679,-1.2731067047432378,0
A.52,3,-0.09790424626382921,-0.11564176931995411,-0.29677218229554597,1.3260434262960925,-0.7273094605965329,0.1363789701655559,1.2749152243200632,1.3588739120024855,0.4275418913373428,1.5331935520765683,1.150506341629375,0.8878985546310575,3,0,1.0,0.3333333333333333,0.0,0.6666666666666666,0.0,2.0,1.1054882459994821,0.6666666666666666,0.6162844469323657,0.39044366706549366,0.5208770887390679,-0.7467178686059399,2
A.53,3,0.5701255616671949,-0.6836296195186099,-0.1544873576896838,-0.12772864420944355,0.30857092204373554,0.9398742651720816,1.7957666405258397,0.9306577313366012,0.7392636546243303,1.0844068327466607,1.082689981248937,0.49146371727709814,3,0,1.0,0.6666666666666666,0.0,0.3333333333333333,0.0,3.3333333333333335,1.020708092959911,0.6666666666666666,0.2419421659924181,0.39044366706549366,0.5208770887390679,-0.3723755876659923,0
A.54,3,-0.6505117638479648,-0.7820019420121486,0.8756312954790414,0.33279935670526023,-0.6775188777880624,0.25191373605367134,0.6763301126232124,0.3620986856212208,0.47604657522764493,0.4502276223240006,0.4056477289459947,0.7379090170746749,3,0,1.0,0.0,0.0,0.6666666666666666,0.3333333333333333,3.3333333333333335,0.5180432903027915,0.6666666666666666,-1.9775476795504079,0.39044366706549366,0.5208770887390679,1.8471142578768338,2
A.55,4,0.22581768322849394,-0.6617659606418802,0.5360411661105007,0.8696972833294365,1.2221149725178382,0.4292312234931001,1.0144736314286562,1.0470707260004364,0.8388774894315913,0.9250396651381397,0.5705264381504627,0.9935296262660024,4,0,1.0,0.5,0.0,0.0,0.5,2.75,0.8982529294025481,0.5,-0.2987521309091426,-0.44336825620736275,0.5208770887390679,-0.665493214037288,0
A.56,3,-0.2295787007106501,0.1297117912092843,0.18578952918897296,-0.18739207620520493,-0.7730148318988208,-0.45267954865914306,0.8215265563539731,0.8231551516282982,0.570173612699354,1.4335192084193722,0.9550220317314756,1.2112495385028132,4,1,0.75,0.0,0.0,0.6666666666666666,0.3333333333333333,2.3333333333333335,0.9691076832225477,0.6666666666666666,0.014103286419923717,0.39044366706549366,-1.223170982874368,1.5995113635199378,2
A.61,2,-1.2496294789703402,-0.6462118518696665,0.19008199321849825,-1.498455537898454,0.6558929622619567,0.4975351091665534,0.007029156901125901,1.705392254121226,0.4152825158579703,0.14732700046473066,1.66765784869778,1.1300778972684233,3,1,0.6666666666666666,0.0,0.5,0.5,0.0,2.5,0.8454611122185427,0.5,-0.5318516070377278,-0.44336825620736275,-1.804520340078847,1.893003690909212,1
A.62,3,-0.32177771292976215,0.41728477545627046,0.2644029544438982,0.13939219869571454,0.23580900402460628,1.506495947979219,1.9072208661653582,1.473482918372731,1.2894639401009687,1.0679267436805255,0.8279106190772948,0.761855421076817,4,1,0.75,0.3333333333333333,0.3333333333333333,0.3333333333333333,0.0,3.3333333333333335,1.2213100847456155,0.3333333333333333,1.1276896490278316,-1.2771801794802196,-1.223170982874368,-1.1816988456336832,0
A.63,6,-0.3935493107618257,-0.026716159560127573,-0.9507486069603006,0.2693083352096758,0.49003550216750774,-0.5373960899831484,1.9776973104855085,1.4929753597290065,0.6179926986094816,1.080468728091702,0.8639683058646803,0.8573429194256674,6,0,1.0,0.3333333333333333,0.5,0.16666666666666666,0.0,3.3333333333333335,1.1484075537010077,0.5,0.8057923796893813,-0.44336825620736275,0.5208770887390679,-1.7700377246358119,1
B.01,3,-1.0198486206875337,-0.8298898642467655,-1.3274759025352345,-0.6596861387744745,-0.999930901459073,0.12596951215802868,0.9276334824946494,0.7570425024698123,0.48273599334098993,1.3664938187733913,0.5980911816434233,0.2412195058708555,3,0,1.0,0.0,0.3333333333333333,0.6666666666666666,0.0,1.6666666666666667,0.7288694140988535,0.6666666666666666,-1.0466560824721478,0.39044366706549366,0.5208770887390679,0.9162226607985735,2
B.02,4,-0.08183791064140827,-0.7912099434496624,0.47097564293453176,0.6533567578748831,0.11699902848488247,0.364952578732983,0.6638750145321096,0.23466933277659238,0.7362264614024016,1.0067789580269615,0.8678040873245598,0.6687090648241618,4,0,1.0,0.0,0.0,0.75,0.25,3.25,0.6963438198144645,0.75,-1.1902711234554133,0.8073496287019222,0.5208770887390679,1.4767436634182676,2
B.03,3,-0.3103982670856148,-0.842835097050794,0.7862819960956315,-0.3991559730167746,-0.264105500149124,0.4431666033679034,0.5909571170206351,1.0757523256044785,0.44371535261020284,1.5721388725973322,0.661739954003081,0.41539045243985656,3,0,1.0,0.0,0.0,0.3333333333333333,0.6666666666666666,4.666666666666667,0.7932823457125977,0.6666666666666666,-0.7622441903272568,0.39044366706549366,0.5208770887390679,0.6318107686536825,3
B.04,5,0.0959504177069842,0.26097892800462846,0.251498346824589,-1.1339510772177088,0.23338144415095657,-0.3123978750883202,1.1505818693462697,1.668161795475416,0.9899205157658133,0.6230218069990704,0.9809992777832632,0.5753552812159829,5,0,1.0,0.4,0.4,0.0,0.2,3.4,0.9980067577643026,0.4,0.14170562131975262,-0.9436554101710766,0.5208770887390679,-1.6062381202298972,0
B.11,4,0.4296544380017578,0.9765364998287869,-0.2172953335773688,0.35690989443926624,0.13896100087621238,0.8779085238241345,1.595351064091554,0.6389710508610361,0.6924797153970738,0.7748795167403311,1.1392287090133757,0.6896178556650111,4,0,1.0,0.75,0.25,0.0,0.0,2.75,0.9217546519613968,0.75,-0.19498151817397869,0.8073496287019222,0.5208770887390679,0.48145405813683295,0
B.12,4,-0.5767247932251544,0.11960189059611565,0.9715213680285641,-0.42327064309637574,0.6793273739586448,-0.13790414737446266,1.1893414861508538,0.6814194331400566,0.8653012429303302,1.1583300896742874,0.5843052939987915,1.6338935658550855,4,0,1.0,0.25,0.25,0.0,0.5,3.5,1.0187651852915673,0.5,0.2333633599611996,-0.44336825620736275,0.5208770887390679,-1.1976087049076303,3
B.13,4,-0.1877979408016231,0.38910184782942503,-0.3066233365298243,0.3584295814216273,-0.3117245670250355,-0.11944392641549773,0.8272188138645721,0.678808120638673,1.209121424640495,0.6110650030822556,0.37343674338197574,0.7072007964280894,4,0,1.0,0.25,0.25,0.0,0.5,2.75,0.7344751503393435,0.5,-1.0219042506414917,-0.44336825620736275,0.5208770887390679,0.05765890569506105,3
B.14,4,-0.20928927550332377,-0.09635056596983055,-0.46946916303828673,0.4169416561327472,-0.6077809523639771,-0.83656994654481,1.4784390681379185,0.5415015151600487,0.6186707276101169,0.3936714715251904,1.1066349040017087,0.6063086205412,5,1,0.8,0.5,0.0,0.5,0.0,3.5,0.7908710511626972,0.5,-0.7728911338566758,-0.44336825620736275,-0.8743613685516806,1.2038842462009938,0
B.21,4,-0.35531293074078574,-0.5019602376515004,-0.26408812609360816,0.588135801040133,-0.07276447361883948,-0.2932443883270778,2.1488384348635017,1.0113130185404933,0.6237121429904456,1.1301648043908499,0.5683754339071556,0.3130264742916818,4,0,1.0,0.25,0.0,0.75,0.0,3.5,0.9659050514973547,0.75,-3.776454585833627e-05,0.8073496287019222,0.5208770887390679,0.2865103045087126,2
B.22,3,-0.17845594032761372,0.8527324408545104,0.04108820431599114,-0.4796734004234908,-0.26484420270582504,1.530357919399104,1.3490320348979674,1.1487964788714164,2.520089955643604,1.6503369804748187,0.6426774196782186,1.0355119211448698,4,1,0.75,0.0,0.6666666666666666,0.0,0.3333333333333333,2.0,1.391074131785149,0.6666666666666666,1.877273818340591,0.39044366706549366,-1.223170982874368,-0.26365916840072945,1
B.23,3,0.4887446551540385,0.082126374822251,0.42782472290042733,0.6932272074000959,0.28163612729870763,-0.14398421736954203,1.6309553731801396,1.1772413940980933,1.0570861585285116,1.1249881808522506,1.252789690592955,1.2534507858403958,3,0,1.0,0.3333333333333333,0.0,0.3333333333333333,0.3333333333333333,4.0,1.2494185971820577,0.3333333333333333,1.2518012987717926,-1.2771801794802196,0.5208770887390679,-3.0498585669910803,0
B.24,5,-1.733940758016071,0.2817801597693895,-0.25640694465030556,0.35358658913040186,-0.5143849599069953,-1.131646758436357,0.41331930536817324,1.613442166061634,0.8536680526694966,0.49832375088260517,1.1804987391951511,0.9049601674456447,5,0,1.0,0.0,0.4,0.6,0.0,3.2,0.9107020302704508,0.6,-0.24378378457498306,0.05691889775635108,0.5208770887390679,-0.22017440640773378,2
B.31,2,0.728342817447023,1.3654413310282607,-1.2768523416031348,-0.1734894889243447,-1.0435555542315353,0.0025548894831566304,0.1030946466172041,0.9857024955718355,1.0080877171902687,0.5055175493855485,0.49303226860649285,0.7531085984757004,4,2,0.5,0.5,0.5,0.0,0.0,2.0,0.6414238793078417,0.5,-1.4327672155388937,-0.44336825620736275,-2.967219054487804,3.956618013819335,0
B.32,3,0.4380352281405397,0.9077530869219039,-0.7937340974427883,0.05594877228520952,-0.2546061436437076,-0.2689969253749413,1.6399578510874973,1.6020619648547525,1.2063306430765113,1.345648818387221,0.3911703363858932,0.18345280643504394,4,1,0.75,0.6666666666666666,0.3333333333333333,0.0,0.0,2.6666666666666665,1.06143707003782,0.6666666666666666,0.4217788097476957,0.39044366706549366,-1.223170982874368,1.1918358401921658,0
B.33,4,-1.2318167412312073,-0.005786027181135313,0.4181843237253776,-1.3575346241337043,-0.17463424823239063,0.30161162125688673,1.058098532836842,0.8161050181373517,0.8930942929891038,0.47243023886421975,0.42600126800714666,0.16286024292910634,4,0,1.0,0.0,0.25,0.25,0.5,2.0,0.638098265627295,0.5,-1.4474512868228875,-0.44336825620736275,0.5208770887390679,0.48320594187645693,3
B.34,4,-1.0310777341706878,-0.3242033057576762,-0.4496346130611514,-0.9818465325327056,0.8394633607518307,-0.260047128039431,0.4082367639617318,1.4656511526273537,0.9823486202596162,1.3275099934400747,0.5144853271031434,0.7857400718744549,5,1,0.8,0.0,0.5,0.25,0.25,2.75,0.9139953215443958,0.5,-0.22924243116750853,-0.44336825620736275,-0.8743613685516806,0.6602355435118263,1
B.41,4,0.21719173251908702,0.5563692769124896,0.8774814311340184,-0.4523044273865363,-0.6903238490662422,-0.9129898125401161,1.3743364344498095,1.1258133008358093,1.5903644368104959,0.9294108496824854,1.2057053474795434,0.5307332410948472,4,0,1.0,0.25,0.0,0.0,0.75,4.5,1.1260606017254984,0.75,0.7071205953784582,0.8073496287019222,0.5208770887390679,-0.4206480554156039,3
B.42,4,-0.16112890488042683,-0.1244244540064044,0.13279676821361838,0.17608489536975122,-0.12285634098247106,0.6132842517635322,0.7848988135091832,1.0613420248747452,1.1064707961185665,1.7095351730455652,1.0901478343714142,0.8446794252491836,4,0,1.0,0.25,0.0,0.5,0.25,3.5,1.0995123445281096,0.5,0.58989817010621,-0.44336825620736275,0.5208770887390679,-1.5541435150526406,2
B.43,4,-0.5015573078668587,-0.022110797884252853,0.4913437791461017,0.014076937706819996,-0.3134848977129323,0.7468332464965115,0.28356373805839447,0.8054910686486192,1.6108504847549352,0.31873792279764945,0.642761066367179,0.2411797279957805,4,0,1.0,0.0,0.25,0.5,0.25,2.25,0.6504306681037596,0.5,-1.3929982160628658,-0.44336825620736275,0.5208770887390679,0.4287528711164351,2
B.44,4,0.7725180681040192,0.6203300013387391,0.055880831746141106,1.2372821766232283,0.48715020343968435,0.19902851447279019,1.0901229971527429,1.0941049038213564,0.3607623336757763,0.641519073081002,0.6198614905923624,0.9732638168037926,5,1,0.8,0.75,0.0,0.0,0.25,1.75,0.7966057691878388,0.75,-0.7475697897789301,0.8073496287019222,-0.8743613685516806,2.429280787032533,0
B.51,4,0.5615092151089605,0.4162886225483276,-0.3865749661003576,-0.32677743681002447,-0.022283987051131104,0.1942766888111803,0.62523783722144,0.8252804971575539,0.6474410432896808,1.086183768523398,1.572428476325219,0.41937736900561806,4,0,1.0,0.75,0.0,0.25,0.0,3.75,0.8626581652538183,0.75,-0.45591892907162895,0.8073496287019222,0.5208770887390679,0.7423914690344833,0
B.52,3,-0.7769209365591173,0.052418859724268164,-1.0769969011550897,-0.34566736976627244,-0.2628157707325746,0.02088552632120851,1.0071102150118447,0.8531774569598873,0.5671849860740836,1.2412263181794498,1.9596600288074373,2.26183360336355,4,1,0.75,0.0,0.6666666666666666,0.3333333333333333,0.0,3.0,1.3150321013993755,0.6666666666666666,1.541514255738376,0.39044366706549366,-1.223170982874368,0.07210039420148551,1
B.53,4,-0.1501404243703609,-0.45878228305790797,1.5843538260012133,-0.20839312142342892,1.1006908675381586,-0.30206103075466617,0.5014376003871354,1.3717971601232681,1.5390608633514922,1.6083815355328033,1.7698298871213647,0.5964417592521546,4,0,1.0,0.0,0.0,0.25,0.75,3.0,1.231158134294703,0.75,1.1711731908574197,0.8073496287019222,0.5208770887390679,-0.8847006508945654,3
B.54,3,-1.0817163027329837,0.4180083506916091,0.13596772065461882,-0.9191332295557686,0.8381211037441276,-0.07427820064366623,1.0190149387390615,1.2627427939749676,0.8434074074067859,2.7643960835671506,1.5621778660838832,0.7125915524538254,5,2,0.6,0.0,0.6666666666666666,0.0,0.3333333333333333,2.6666666666666665,1.360721773704279,0.6666666666666666,1.7432545868514047,0.39044366706549366,-2.26959982584243,0.9167889060565189,1
B.61,4,0.8011833277770132,0.3697416772168727,0.7428360399210748,1.03206160636443,-0.4700239190463314,-0.037422801782665105,0.6884779357241596,0.9706244147638377,1.0878267947477354,0.7122289961554165,0.3615528330702114,0.8415038970310453,5,1,0.8,0.5,0.0,0.25,0.25,3.75,0.7770358119154009,0.5,-0.8339799008793706,-0.44336825620736275,-0.8743613685516806,1.2649730132236883,0
B.62,3,-0.7364156616423884,-0.1989064055060841,-0.2522676347076507,-0.4363898969421431,-0.34816890595294714,0.27006152055327204,1.477621281577541,1.4941487379992981,1.7505592340179372,0.37312819863924473,1.3453978212119635,1.277769738350476,3,0,1.0,0.0,0.3333333333333333,0.3333333333333333,0.3333333333333333,3.0,1.2864375019660768,0.3333333333333333,1.4152563145734312,-1.2771801794802196,0.5208770887390679,-3.2133135827927184,1
B.63,2,0.1904459392724422,-0.7688441053644711,0.48218403534085236,0.840615251752324,-0.06358306894359633,0.7497174020417656,1.4459837910249678,0.9332961397917843,0.1349931055253288,2.037877478854249,1.3673875102850919,0.12588819818421634,3,1,0.6666666666666666,0.5,0.0,0.5,0.0,3.5,1.007571037277606,0.5,0.18393619156755744,-0.44336825620736275,-1.804520340078847,1.1772158923039266,0
C.01,2,2.0773864351320412,-0.07503901428862586,-0.13896295787834778,-0.6019404202943319,-0.7068141910363313,0.8241273551091687,0.7612403678385105,0.18302102149797303,2.022457479977876,1.8433180451781712,0.7874480622757425,0.7811894704378681,2,0,1.0,1.0,0.0,0.0,0.0,2.5,1.0631124078676901,1.0,0.42917617531137736,2.058067513611207,0.5208770887390679,1.1080142495607619,0
C.02,3,-0.26739660919189373,0.6848216350796344,0.29991634480240553,-0.018141494471335298,-0.21636824195417023,0.05674189441947223,0.5196197916549041,0.6720098910462673,1.4602586202799681,1.5906364909193884,0.7470491674345254,1.48539199030729,3,0,1.0,0.0,0.3333333333333333,0.3333333333333333,0.3333333333333333,2.6666666666666665,1.0791609919403906,0.3333333333333333,0.5000378493263693,-1.2771801794802196,0.5208770887390679,-2.2980951175456568,1
C.03,3,2.412421671882449,0.5070860647503742,-0.3504742251477648,-0.17958243183736466,-0.1481029920117569,0.6257617803720733,0.46570770716071297,1.8412198842106005,0.7790178847085664,1.1221755017487633,0.5621322807407967,0.33360329174258857,3,0,1.0,1.0,0.0,0.0,0.0,2.6666666666666665,0.8506427583853382,1.0,-0.5089723224934241,2.058067513611207,0.5208770887390679,2.046162747365563,0
C.04,1,1.7750775999542545,0.6119046670578776,-0.37987162875026187,-0.6124923765921146,-0.5245154819843789,0.5161067489997037,,,,,,,2,1,0.5,1.0,0.0,0.0,0.0,5.0,,1.0,,2.058067513611207,-2.967219054487804,,0
C.11,2,0.07635231670259093,-0.7003034903195305,0.13647622054747002,0.5751167944948363,-0.9250701143631216,0.488303128060685,0.35229937344300927,0.03511921972079209,0.8528118068054994,0.5143564969293114,0.13726405509846323,0.30331268396847033,2,0,1.0,0.0,0.0,1.0,0.0,3.0,0.36586060599425757,1.0,-2.649502271765293,2.058067513611207,0.5208770887390679,4.186692696637432,2
C.12,4,-0.7300637457695837,-0.4065583954150161,0.3070662307114035,0.7723165171808792,-0.1287270198029794,0.5502392520909958,0.875497393063109,0.964319025267871,1.4994291848106307,1.6826683047750746,0.6194911360294985,1.3331542654382253,4,0,1.0,0.0,0.25,0.5,0.25,2.0,1.1624265515640684,0.5,0.8676925231592916,-0.44336825620736275,0.5208770887390679,-1.8319378681057221,2
C.13,2,0.6248526579898546,-0.3438400915234115,1.763280236470023,0.46348107839711694,-0.19834837479741702,0.6785939588597791,1.7799370009059245,0.48494569372710017,2.969922096186467,0.19400408276381556,0.8571985039372818,0.5509873973958103,3,1,0.6666666666666666,0.5,0.0,0.0,0.5,3.0,1.1394991291527334,0.5,0.7664577023454293,-0.44336825620736275,-1.804520340078847,0.5946943815260548,0
C.14,2,0.8529749364134493,-0.9499304514397406,1.679991615974364,1.5475045867427606,-0.7319235773212395,-0.44777383164675055,0.5604972056120724,0.18026616160843342,1.0809200439892253,1.5638189824908286,1.3106229825380205,0.9109910928679612,2,0,1.0,0.5,0.0,0.0,0.5,3.5,0.934519411517757,0.5,-0.1386193975990425,-0.44336825620736275,0.5208770887390679,-0.8256259473473881,0
C.21,2,-0.6265632438267933,-0.4377727408388713,1.3933210831160834,-0.07385714819177108,-1.054543336320743,0.13149223515794745,1.1533459558920016,1.1003718048820508,1.8934264731365849,1.1070590191997116,1.705253770925885,0.9627312521880351,2,0,1.0,0.0,0.0,0.5,0.5,3.5,1.3203647127040448,0.5,1.565060118863019,-0.44336825620736275,0.5208770887390679,-2.5293054638094494,2
C.22,2,-1.2772609785202922,0.15400964132020656,-0.2258218864111019,-0.7259207378217415,0.45740468862936456,-0.12079132595572345,1.0004170600456677,0.979014716934614,1.6811350358339812,0.2194122623443197,0.9781334895820284,0.7312642785814077,3,1,0.6666666666666666,0.0,0.5,0.0,0.5,3.5,0.9315628072203365,0.5,-0.15167412747216097,-0.44336825620736275,-1.804520340078847,1.5128262113436453,1
C.23,4,0.9612686896810837,0.1342497652169614,0.08720457894381539,-0.026134045333122913,-0.3569830084332447,-0.648280224121706,0.8311147240303369,1.0996577280785396,1.4981075464464277,1.2804336202726423,2.2239090679508604,0.618399653952163,4,0,1.0,0.75,0.0,0.25,0.0,2.75,1.2586037234551617,0.75,1.2923577379444173,0.8073496287019222,0.5208770887390679,-1.005885197981563,0
C.24,2,-0.9314508286754565,-0.23766167250218323,0.08068890395172615,-0.8903046603520756,-0.9888171509753039,1.4755855034763055,0.6792143608122306,1.2807464388890988,0.5453504686302766,1.9345331034842865,1.026950967742547,0.021804322640868956,2,0,1.0,0.0,0.5,0.5,0.0,2.5,0.9147666103665514,0.5,-0.22583684617387859,-0.44336825620736275,0.5208770887390679,-0.7384084987725521,1
C.31,1,2.726574323479461,-0.5884415849439728,1.3120114429342844,-1.0956082804887004,-0.7480921521373883,1.5124392684169405,,,,,,,1,0,1.0,1.0,0.0,0.0,0.0,4.0,,1.0,,2.058067513611207,0.5208770887390679,,0
C.32,4,0.9458426620800888,0.16038416369268446,-0.9819904380908129,0.18704564369246465,-0.7720335458178423,0.7671116905345747,1.8629044696958492,0.706351244992768,0.8205324534303888,0.6374929137061619,1.1590865238023225,0.8489729954246877,4,0,1.0,0.75,0.25,0.0,0.0,2.5,1.005890100175363,0.75,0.1765141027129107,0.8073496287019222,0.5208770887390679,0.10995843724994359,0
C.33,3,0.27695591922595975,-0.6322025261038443,-0.8987292424777739,-0.401964950573327,-0.43228294397197004,0.4376060498201049,1.1541900612330935,1.4824964498834912,0.3681514566784121,0.32036363250453126,0.8152393799858326,1.408130143757322,3,0,1.0,0.6666666666666666,0.0,0.3333333333333333,0.0,3.0,0.9247618540071137,0.6666666666666666,-0.18170337661984023,0.39044366706549366,0.5208770887390679,0.05126995494626596,0
C.34,2,1.0145212164555688,-0.06074739430498362,0.741436055975939,1.8770406101652157,-0.4297519759767744,0.6010655618377857,3.9602267907022917,0.16174427095843835,0.5127563869418623,0.4046968221146661,0.11115881023239309,0.10347582592810456,2,0,1.0,0.5,0.0,0.5,0.0,2.0,0.875676484479626,0.5,-0.3984372291893629,-0.44336825620736275,0.5208770887390679,-0.5658081157570678,0
C.41,1,-1.1478566300279531,1.2988002793147921,0.2049026471372459,0.31850731260458615,0.6148677303461748,1.7062763583048635,,,,,,,2,1,0.5,0.0,1.0,0.0,0.0,2.0,,1.0,,2.058067513611207,-2.967219054487804,,1
C.42,3,0.004230801989879722,-1.0109608117912723,-0.5783804757919548,-0.09296730570623557,-0.029739072870911636,0.20697346864618318,2.0854069348261595,0.8634560998986514,0.8766437654615917,0.30856941913732167,0.6710264351789972,0.8562750855871702,3,0,1.0,0.3333333333333333,0.0,0.3333333333333333,0.3333333333333333,3.0,0.9435629566816486,0.3333333333333333,-0.09868810232461084,-1.2771801794802196,0.5208770887390679,-1.6993691658946766,0
C.43,4,0.037415014209847386,-0.783599671940159,-0.5592266307465364,0.5305549941989788,0.17652603638992084,-0.33859122894432525,1.6569137744618974,0.9645918535296324,0.5316736842418476,0.4364823605547444,0.40740991877318034,1.6150303242491726,4,0,1.0,0.5,0.25,0.25,0.0,1.75,0.9353503193017457,0.5,-0.13495056823323648,-0.44336825620736275,0.5208770887390679,-0.8292947767131942,0
C.44,2,-0.9809513647754189,-0.6382711992609031,0.4240291088739302,0.15895493028099472,-1.087883085926328,0.7145164236449455,0.14110801021357064,0.19145801250484248,0.639365635227453,0.7477455812020711,0.4724686271797695,0.5020121106700989,2,0,1.0,0.0,0.0,1.0,0.0,3.0,0.44902632949963434,1.0,-2.282288419031474,2.058067513611207,0.5208770887390679,3.819478843903613,2
C.51,1,-0.6906345070311556,-0.821237303074289,1.5259120090452523,-2.8420440468378674,-0.8931411522381442,0.6896793987414349,,,,,,,1,0,1.0,0.0,0.0,0.0,1.0,2.0,,1.0,,2.058067513611207,0.5208770887390679,,3
C.52,4,-0.773695688638733,-0.00603466229385358,-0.10549894754740269,-0.08337903530343219,-1.2686086379114734,-1.0690063182243774,1.12728360978275,1.1223681661495246,1.2910624055105782,0.32878761056614536,0.6211129700572291,1.183235391047926,4,0,1.0,0.0,0.0,0.5,0.5,3.25,0.9456416921856924,0.5,-0.08950955567004884,-0.44336825620736275,0.5208770887390679,-0.8747357892763818,2
C.53,3,0.3925646955366671,0.3605968098153329,0.9661592781958616,0.4258922243443332,-0.01643441761634985,1.1137227850221478,0.938235475152516,1.9500486251823073,1.6508708543075625,0.18808436636302883,0.5057719274421977,1.09844435460647,3,0,1.0,0.6666666666666666,0.0,0.0,0.3333333333333333,3.0,1.0552426005090136,0.6666666666666666,0.3944274572260267,0.39044366706549366,0.5208770887390679,-0.524860878899601,0
C.54,2,0.17370608458566955,-0.7748543793860679,-0.4871451098334032,-0.5308621501901015,0.033685523308764176,1.6320204100417053,0.5216754224046426,0.9565058748728348,1.4045140025688607,0.6020630446110994,0.2581131986094075,1.423943638345799,2,0,1.0,0.5,0.0,0.5,0.0,3.5,0.8611358635687739,0.5,-0.4626405716333293,-0.44336825620736275,0.5208770887390679,-0.5016047733131014,0
C.61,3,0.9689516280394482,-0.3243434323676107,0.16921391551532436,1.7291109712335528,-0.18858168049594193,0.4269460525203838,0.7163237353573487,0.06842611909724222,0.05527298968637295,1.4542241184169145,0.5169286727059481,1.4382461093435,3,0,1.0,1.0,0.0,0.0,0.0,3.0,0.7082369574345545,1.0,-1.1377576034319334,2.058067513611207,0.5208770887390679,2.6749480283040725,0
C.62,3,1.583123150464246,-0.3540900651474092,0.02794387955498112,-1.3501333578045909,-0.2091648733680412,0.16414315520974296,0.8222297824888212,1.1044892263215906,0.6666475689052507,0.7233446647708868,1.376437060925031,1.4626850486120777,3,0,1.0,1.0,0.0,0.0,0.0,2.0,1.0259722253372763,1.0,0.265185664036034,2.058067513611207,0.5208770887390679,1.2720047608361054,0
CU.11,5,0.6664132512400436,0.7584715904434955,-0.11786577973229728,-0.259661587411993,0.4053796336663703,-0.16971088019412187,1.3686778495481704,0.9960535311298708,0.8405898858627525,1.2427548584624124,1.36412973502431,1.0586630640659092,5,0,1.0,0.8,0.0,0.0,0.2,2.6,1.1451448206822377,0.8,0.791385954641123,1.0574932056837794,0.5208770887390679,-0.2547698376964116,0
CU.12,4,0.47184199525210846,-0.5762191436026917,-0.07988326411248231,0.46767737678200916,1.1389139784557503,0.15145540621290485,0.636084973161624,1.1968114335817046,0.8722019164531781,1.6251696494189949,1.2847959274594702,0.3520160324761395,4,0,1.0,0.75,0.0,0.0,0.25,3.0,0.994513322091852,0.75,0.12628054090816423,0.8073496287019222,0.5208770887390679,0.16019199905469006,0
CU.21,5,0.9874424230133139,0.202200327134156,-0.026613076845928996,0.0068817603015974395,0.04515549107089627,-1.0851713143370902,1.8245663913738028,1.104657687631605,0.5908639169547815,1.2404602823029853,0.901125931624523,1.3890800570711799,5,0,1.0,0.6,0.0,0.2,0.2,3.2,1.175125711159813,0.6,0.9237649905783185,0.05691889775635108,0.5208770887390679,-1.3877231815610354,0
CU.22,4,-0.2341037611951917,-0.1709827420282315,0.2677238827216993,-0.8108364334679589,0.4039886436961493,-0.25115088512174066,1.5442025797755339,0.8517616834135248,0.6638247141544116,0.6540547465932169,0.425698504300116,0.20664815975606138,4,0,1.0,0.25,0.25,0.25,0.25,2.0,0.7243650646654775,0.25,-1.0665447991185255,-1.6940861411166477,0.5208770887390679,-1.14841843073719,0
CU.31,3,-0.03133651759610271,0.06737997061888178,-0.31017134968216786,0.15856112661267532,0.38558734027697533,-0.26127512551921733,0.3612372302622581,0.5652512997910544,0.5234277194641688,0.7480354090769344,0.9807719632071353,0.1321044023962135,5,2,0.6,0.3333333333333333,0.3333333333333333,0.3333333333333333,0.0,2.0,0.5518046706996275,0.3333333333333333,-1.8284760903597883,-1.2771801794802196,-2.26959982584243,2.8208957367219987,0
CU.32,3,-0.5857676271963667,0.43166322961660736,0.3229447711373743,-1.0122529154507962,-1.154503083589022,0.5686940896504716,0.6813822472324764,0.4977623783329861,0.3857607690589343,1.282202738998434,0.2090235097716402,0.818636756955943,3,0,1.0,0.0,0.3333333333333333,0.3333333333333333,0.3333333333333333,3.0,0.6457947333917357,0.3333333333333333,-1.413467940546351,-1.2771801794802196,0.5208770887390679,-0.3845893276729364,1
CU.41,5,0.2327161919447403,-0.797069989393177,-0.654683962515961,0.29033005355473673,0.39448299582122404,-0.36392486213448416,0.9356639088700347,0.9778784037581829,0.7779310749895071,0.23393127844984338,0.9994180992573658,0.9493151738448694,5,0,1.0,0.4,0.0,0.4,0.2,3.0,0.8123563231949672,0.4,-0.6780240517529054,-0.9436554101710766,0.5208770887390679,-0.7865084471572391,0
CU.42,4,0.24279764396784664,-0.8892767531733772,0.15427475013405756,0.45198543180117196,0.27815323144772586,-0.4004887944428902,0.8255282646137172,0.6243348454843076,1.037439200708682,0.9465692072562328,0.972613841155782,0.49410494703424684,4,0,1.0,0.5,0.0,0.25,0.25,2.5,0.8167650510421613,0.5,-0.6585575471620041,-0.44336825620736275,0.5208770887390679,-0.30568779778442656,0
CU.51,4,-0.6502910915155767,2.4710654262451155,-0.22121687709343593,-0.4333000632734335,0.07447222317281856,0.15226421624474018,1.5848365059497789,1.1930440314546997,0.8393138794088928,1.291780433523122,0.5316758168137167,0.5580508966433242,4,0,1.0,0.25,0.75,0.0,0.0,2.75,0.9997835939655891,0.75,0.14955114757323582,0.8073496287019222,0.5208770887390679,0.13692139238961842,1
D.01,3,0.9720883162973726,-1.202966359792195,2.1413902266709113,-0.35665048669253663,-0.16737903205178686,-0.4191300680107009,2.1851854815377996,0.8465824303694479,1.1027108598755833,0.8064885898442498,0.23052650835481475,0.7135074791989304,3,0,1.0,0.3333333333333333,0.0,0.0,0.6666666666666666,2.3333333333333335,0.9808335581968043,0.6666666666666666,0.06587826707879407,0.39044366706549366,0.5208770887390679,-0.19631168875236832,3
D.02,2,-1.4416621391759383,0.4972103317840016,0.38255865247023635,0.021578918376148365,-0.023844828267069296,0.2986140009088543,0.27860371648488097,0.3601105372161807,0.3617917624675829,0.6986708504983371,0.8522668241084309,0.0013324852858152343,2,0,1.0,0.0,0.5,0.5,0.0,3.0,0.42546269601020464,0.5,-2.386332396205576,-0.44336825620736275,0.5208770887390679,1.422087051259145,1
D.03,4,-0.7517086510588975,-0.14293587898900217,-0.15171422057287287,-0.03973253057459164,-0.6742638131551999,-0.0921796089891978,0.9230990436095897,0.9499380163307551,1.4837203336998301,1.3103470522011664,0.7352973064667777,0.8562873565964498,4,0,1.0,0.0,0.0,0.75,0.25,3.5,1.0431148514840947,0.75,0.34087802295529135,0.8073496287019222,0.5208770887390679,-0.05440548299243708,2
D.04,4,0.7677548462979178,0.2559217179622815,-0.41560712586614695,-0.27893328636373416,-0.8910712576652369,-0.48196830323640394,2.258031921811144,0.7337507780119352,1.085427315149093,0.8848059266955942,1.288748701191388,1.5287371109451748,4,0,1.0,0.75,0.0,0.25,0.0,2.0,1.2965836256340548,0.75,1.4600559869070837,0.8073496287019222,0.5208770887390679,-1.1735834469442294,0
D.11,2,0.5596052623717584,-1.0150515033197682,-0.05759459650881055,0.7846201749791158,0.3505690257452829,1.077199564128391,1.3472387473315524,0.3614523577567032,0.28267563069037865,0.9085156811816161,0.6177593860174545,0.09316088627440626,2,0,1.0,0.5,0.0,0.5,0.0,2.5,0.6018004482086852,0.5,-1.6077223795075404,-0.44336825620736275,0.5208770887390679,0.6434770345611096,0
D.12,2,0.2992476739266879,0.16206199960475678,1.4025003781959615,-0.5463792114931503,-0.07320502116691666,0.02698925350618145,0.8924892375923958,0.3768130094375727,0.3040612482744522,1.488116103680976,0.5083884916238233,0.2201952293952789,2,0,1.0,0.0,0.0,0.0,1.0,4.0,0.6316772200007499,1.0,-1.4758030741184172,2.058067513611207,0.5208770887390679,3.0129934989905562,3
D.13,3,0.9504353247593124,0.6538230294365358,0.5347777380527167,-1.1642694379821477,-0.8979557756057822,-0.21765641149589995,1.5606214222973434,1.1907908487553265,1.1342442236320247,0.6300385742961633,1.6043264064856446,0.993057042625651,4,1,0.75,0.6666666666666666,0.0,0.0,0.3333333333333333,3.0,1.1855130863486922,0.6666666666666666,0.9696298962404862,0.39044366706549366,-1.223170982874368,0.6439847536993755,0
D.14,3,0.23774772015402687,-0.5642376045675694,0.18040783946368,0.6672589055404471,-0.056284096730036835,0.295024619548327,1.2234665537003317,1.0106635921747775,1.3027739222637953,1.4191235170916534,0.8327236891537628,0.3625707738772265,3,0,1.0,0.3333333333333333,0.0,0.3333333333333333,0.3333333333333333,3.0,1.0252203413769245,0.3333333333333333,0.2618657601831964,-1.2771801794802196,0.5208770887390679,-2.059923028402484,0
D.21,2,-1.559763781733381,1.1919763023441292,0.25409411037517304,-0.730111064584777,-0.24043410788318753,-0.9697946697773936,0.13783132286629196,0.7687523364916737,0.643480123089887,0.851009224780198,0.36067010074262135,0.7284894827170465,2,0,1.0,0.0,0.5,0.0,0.5,3.0,0.5817054317812864,0.5,-1.6964508615314768,-0.44336825620736275,0.5208770887390679,0.7322055165850461,1
D.22,2,0.34352229211295815,-1.4900830882391347,0.9127854797915621,-0.9503589028327434,0.2724434483456669,0.031150539462142912,2.106423721226596,0.8035315849916004,0.059551297363033946,1.3428638841771192,0.7898011204083503,1.3585515390104697,2,0,1.0,0.5,0.0,0.0,0.5,3.5,1.076787191196195,0.5,0.4895564577126463,-0.44336825620736275,0.5208770887390679,-1.4538018026590769,0
D.23,4,-0.2895134756423513,0.6545746061790064,-0.4513957680203498,-0.6350436748610943,-0.37717936363524074,-0.22466272034522158,0.6822658676341322,0.5816558049914877,0.8771933798398682,1.2004568062872902,0.4759904818077975,1.3058166914810618,4,0,1.0,0.25,0.5,0.0,0.25,3.25,0.853896505340273,0.5,-0.4946055749346744,-0.44336825620736275,0.5208770887390679,-0.4696397700117563,1
D.24,2,0.8145071155528978,0.5619991848030506,0.09499680527843568,0.03924639649606709,1.1005791848209563,0.24865259785939622,1.1772310581249885,0.7033068479134513,0.6392973510394664,2.206062425317304,1.3349633752947752,0.48347604008363515,4,2,0.5,0.5,0.5,0.0,0.0,4.5,1.0907228496289367,0.5,0.551088620336576,-0.44336825620736275,-2.967219054487804,1.9727621779438653,0
D.31,2,0.17279203819498545,-0.34466254913544814,0.88406795487315,-0.028093264253494343,-2.2804639278502514,-0.6327845927910265,0.07575041488779204,1.0108913654510303,0.9735484283213874,1.109287256005368,0.4233773940521548,0.68350625071254,2,0,1.0,0.0,0.0,0.5,0.5,2.5,0.7127268515717121,0.5,-1.1179327133813342,-0.44336825620736275,0.5208770887390679,0.1536873684349035,2
D.32,1,3.1216534674487324,0.7893679311943795,0.3102701486310245,-1.30752126153761,0.6066246031878867,3.2864679785431083,,,,,,,1,0,1.0,1.0,0.0,0.0,0.0,2.0,,1.0,,2.058067513611207,0.5208770887390679,,0
D.33,2,0.021401822573713314,0.21649622540541638,0.8421179642677458,-0.5426314590312775,0.4115929589365513,-0.16004680562270968,0.8990386148775258,0.04203179150798478,0.7089905268215132,2.1881580887061965e-05,0.4667161120292622,1.1831052130571023,4,2,0.5,0.0,0.5,0.0,0.5,4.0,0.5499840233123793,0.5,-1.8365150625873063,-0.44336825620736275,-2.967219054487804,4.360365860867748,1
D.34,3,-0.835128245871862,-0.805943223064496,1.1252981182386455,1.08038841451826,0.5136220697896036,0.28827651826339995,0.7707705172585952,0.9708949970598729,1.4699839357337923,0.5149425380573359,0.44195093124414836,0.12990913965316356,3,0,1.0,0.0,0.0,0.3333333333333333,0.6666666666666666,2.3333333333333335,0.7164086765011514,0.6666666666666666,-1.1016758101711626,0.39044366706549366,0.5208770887390679,0.9712423884975883,3
D.41,2,-0.2453845970132612,-1.6852924901814772,0.2610604970691014,-0.44651675118661927,-1.0289959088593315,-0.22223424617247323,1.9793732068682965,0.516349327434814,1.1491517716624924,0.8188491255301418,1.3659063438044377,0.3551942287683804,2,0,1.0,0.5,0.0,0.5,0.0,2.0,1.0308040006780936,0.5,0.2865201124561346,-0.44336825620736275,0.5208770887390679,-1.2507654574025653,0
D.42,2,0.3899569302589425,-1.4023933358735996,1.588730156159253,-1.027532937534186,0.4844848370630619,0.19772566916572595,0.4744599666478859,0.6160357213098583,1.2896990944300901,0.3583356745681336,0.8255764181966339,0.23044289464283393,2,0,1.0,0.0,0.0,0.0,1.0,2.5,0.6324249616325727,1.0,-1.472501460498073,2.058067513611207,0.5208770887390679,3.009691885370212,3
D.43,4,-0.0961670507221771,-0.07383689697046208,-0.4904013323173289,-0.5518665261841922,-0.9084464411795654,0.5317303399326234,1.3130240435045357,1.3405250633737003,0.7658626479058824,0.5467422784677407,0.8196543022419517,1.4150304405238507,4,0,1.0,0.5,0.0,0.5,0.0,2.5,1.0334731293362769,0.5,0.29830550885144586,-0.44336825620736275,0.5208770887390679,-1.2625508537978765,0
D.44,4,0.833191508868377,0.820606973693931,0.7456623752934575,0.5612926524571554,0.33176222447329934,0.02425348879934793,0.45319322379422744,0.833085000442981,0.8537368485050306,0.9272106911532784,1.254339649704171,0.31070426927711053,4,0,1.0,0.5,0.0,0.0,0.5,2.75,0.7720449471461331,0.5,-0.8560168002550831,-0.44336825620736275,0.5208770887390679,-0.10822854469134757,0
D.51,2,0.6570971050654149,1.1474762548492305,2.1652939992805376,-1.236170354639881,0.2639053463327379,0.11508150504981786,3.017151369896504,2.0685919801302672,1.6083208961703885,0.9289681552319375,2.5434364426824483,0.19759931243799228,2,0,1.0,0.5,0.0,0.0,0.5,2.5,1.7273446927582563,0.5,3.362058691857795,-0.44336825620736275,0.5208770887390679,-4.326304036804226,0
D.52,1,0.6337275173794175,-1.593662239005609,0.9037384566939515,0.5912615542286097,-0.3627294484444269,0.957359053867781,,,,,,,1,0,1.0,0.0,0.0,1.0,0.0,4.0,,1.0,,2.058067513611207,0.5208770887390679,,2
D.53,3,-1.077839621387714,-0.13338433110281978,-0.9425596549470311,0.027181250325808242,0.052604839783735036,-0.2974235342315964,1.5433960306864778,1.539153573030759,0.06942387624429625,0.48266621232525714,1.0762208437130962,0.2989105572136257,4,1,0.75,0.3333333333333333,0.3333333333333333,0.3333333333333333,0.0,2.6666666666666665,0.8349618488689187,0.3333333333333333,-0.5782105489548648,-1.2771801794802196,-1.223170982874368,0.5242013523490132,0
D.54,3,-1.133928649908872,-2.04136075715908,0.481758016355104,0.8778179125125009,-0.023145084463155035,0.4246581549038664,0.36317508940419346,1.7239673432172316,1.539377020393587,1.2120876453959988,1.1910164039092368,0.9370027332032639,3,0,1.0,0.0,0.0,0.6666666666666666,0.3333333333333333,2.3333333333333335,1.1611043725872519,0.6666666666666666,0.8618545118294308,0.39044366706549366,0.5208770887390679,-0.992287933503005,2
D.61,6,-1.2889048887934635,-0.337798722230888,-0.707094781424296,-0.1360878848864692,0.015367017864384871,-0.8028421288223216,1.3401034512952417,1.2422233161527563,0.6603106395387814,1.0340555720801368,0.4536443679504387,0.42336737803733804,6,0,1.0,0.16666666666666666,0.5,0.3333333333333333,0.0,2.8333333333333335,0.8589507875091155,0.5,-0.47228865938587244,-0.44336825620736275,0.5208770887390679,-0.4919566855605582,1
D.62,3,-1.3806202176294287,-0.31621776277204267,0.9157809078132008,-0.05596065176665429,-0.49263994201859923,0.6252357176204996,0.9691305063305962,2.1067167930244453,0.5785395489772561,0.9487509772134177,1.492911313726748,1.31835330429514,3,0,1.0,0.0,0.3333333333333333,0.3333333333333333,0.3333333333333333,2.6666666666666665,1.2357337405946007,0.3333333333333333,1.1913765384284887,-1.2771801794802196,0.5208770887390679,-2.989433806647776,1
E.01,3,0.8011600576795314,-0.9284188614698538,-0.477046268443041,0.007407644139264313,-0.07252629215627023,1.0189588914679581,1.114366631472665,0.4127846533208585,1.2937613004078292,1.875270080517046,0.8052368967949584,1.2337386524019152,3,0,1.0,0.6666666666666666,0.0,0.3333333333333333,0.0,2.3333333333333335,1.1225263691525453,0.6666666666666666,0.6915153784108268,0.39044366706549366,0.5208770887390679,-0.8219488000844011,0
E.02,4,0.8133300531037678,0.7490273619362756,0.4500710165214256,-0.40286823754989953,0.018609827076247823,0.07091170771930001,1.905369432385746,0.44287994557553834,0.24684461393785465,2.3251406222220368,0.7396417331927967,1.4452178936117763,4,0,1.0,0.5,0.25,0.0,0.25,3.25,1.184182373487625,0.5,0.9637542039961521,-0.44336825620736275,0.5208770887390679,-1.9279995489425827,0
E.11,4,1.3869865932122756,1.0520730715230888,-0.04526735928562668,0.7185435306680885,0.1954464449597092,0.8632713993383485,0.8783609787506866,0.517829000429845,0.703882371917753,1.9137754676043428,0.8427116082069986,1.2511965062951533,4,0,1.0,1.0,0.0,0.0,0.0,3.0,1.0179593222007968,1.0,0.22980511411345306,2.058067513611207,0.5208770887390679,1.3073853107586861,0
E.12,4,0.28520366323961127,-0.9362581090931155,-0.5939512479611173,-0.22063238692248166,0.03173459755920638,-0.005752124761658012,1.7489473401659086,1.2233397939506605,0.5075007048311265,1.144773470577236,0.8245819942484903,0.6315538273699638,4,0,1.0,0.5,0.0,0.5,0.0,2.75,1.013449521857231,0.5,0.209892329261482,-0.44336825620736275,0.5208770887390679,-1.1741376742079126,0
E.21,3,0.38357451113720753,0.2227962002179439,0.03417136493040355,-0.5411376629658001,0.6955848655760125,1.5701170436342775,0.2297223935939476,0.9483547806485784,1.3780143907025348,0.5701431700559049,0.9342762017259693,0.9643789056002,4,1,0.75,0.3333333333333333,0.3333333333333333,0.0,0.3333333333333333,2.6666666666666665,0.8374816403878559,0.3333333333333333,-0.5670845427980721,-1.2771801794802196,-1.223170982874368,0.5130753461922205,0
E.22,4,-1.1752981223041905,-0.2929954295279925,-0.035328530846674616,-0.548969797549534,-0.34924410785688165,0.8852237939304533,0.7431872149479525,1.0884689163115082,0.6658657056818157,0.3574308996727159,1.1220092392461172,1.2201248960842221,4,0,1.0,0.0,0.5,0.5,0.0,3.0,0.8661811453240552,0.5,-0.44036339693449184,-0.44336825620736275,0.5208770887390679,-0.5238819480119388,1
E.31,4,0.5501596085407514,-0.16725123309085727,-0.23259500386418702,-0.2621164285213825,0.44218377310790247,0.36846762823644547,1.0868672220827365,1.1318517286809975,0.5753428268996664,1.5201937042205396,0.3305237194437148,0.686131246330977,4,0,1.0,0.75,0.25,0.0,0.0,2.25,0.8884850746097719,0.75,-0.34188157703448,0.8073496287019222,0.5208770887390679,0.6283541169973343,0
E.32,4,-0.04695082227738276,-0.029878264228331022,-0.016435648471720285,-0.5372317669075839,-0.06016357568391592,0.6496051253863803,0.5560120587233262,0.8939037332432513,0.32896679542546753,1.181285939858171,0.4585058515290568,0.9568956682931596,4,0,1.0,0.25,0.25,0.5,0.0,2.0,0.7292616745120721,0.5,-1.0449240773678616,-0.44336825620736275,0.5208770887390679,0.08067873242143098,2
E.41,3,-0.08168334634344025,-0.11239683553932954,-0.984405553305364,-0.09024059961147661,-0.4420110492964371,0.24365722848751772,1.8159690726154574,0.3122620544984252,0.45268589355750216,1.0234952507776456,0.8758524135637419,0.573348176947422,4,1,0.75,0.3333333333333333,0.3333333333333333,0.3333333333333333,0.0,3.3333333333333335,0.842268810326699,0.3333333333333333,-0.5459470471707967,-1.2771801794802196,-1.223170982874368,0.4919378505649451,0
E.42,3,-1.6856433410233758,-1.1979304228667138,-0.4676044793025685,-0.470330921504003,-0.08224688657706529,0.625429800366078,0.6558903784350157,0.9547625478442987,1.76386594233972,1.3335821325561157,2.40083995837246,0.5049500016965921,4,1,0.75,0.0,0.0,1.0,0.0,2.3333333333333335,1.2689818268740336,1.0,1.3381817045965874,2.058067513611207,-1.223170982874368,1.9430567918889878,2
E.51,4,-1.4202822679696123,-0.4950681719163338,-0.0817637033083356,0.3179062891826596,-0.11167170732251414,0.21551554941957696,0.8343796518804066,0.7587190775081648,1.8532187490205732,1.5265669062329932,0.5599278296669342,1.0257532393976272,4,0,1.0,0.0,0.25,0.5,0.25,3.0,1.0930942422844498,0.5,0.5615593791621077,-0.44336825620736275,0.5208770887390679,-1.5258047241085384,2
E.52,3,0.26241844696467126,-1.1576905516251086,-0.6697173521291272,-0.3402976840422773,-0.16193932064640656,-0.16816079017272986,1.9618384438303695,0.7994226256503828,0.6694507324821884,1.266664638412895,0.11568575839920822,0.4949321344176203,4,1,0.75,0.3333333333333333,0.3333333333333333,0.3333333333333333,0.0,3.3333333333333335,0.8846657221987774,0.3333333333333333,-0.35874572556435874,-1.2771801794802196,-1.223170982874368,0.3047365289585071,0
FR.31,6,0.36244560073881726,1.1500029014394664,0.27316773805646105,-0.3839956432292126,0.9618656659413135,-0.2593253571662974,1.0462887823550218,1.1739887296307956,1.060777622782938,0.9748802171017977,0.7167852730608211,1.4063290792305188,6,0,1.0,0.3333333333333333,0.5,0.0,0.16666666666666666,3.1666666666666665,1.0631749506936488,0.5,0.4294523298509293,-0.44336825620736275,0.5208770887390679,-1.39369767479736,1
FR.32,5,0.6718234323876793,0.5370709048080007,-0.5862639269387993,0.6065633165359854,0.418295544435544,-0.874633657492368,1.2533905630221196,0.8885160329905736,1.3272265390910973,1.5986806817055876,1.1746873393639525,0.39860637597985454,6,1,0.8333333333333334,0.4,0.2,0.2,0.2,2.4,1.1068512553588643,0.4,0.6223027426565486,-0.9436554101710766,-0.6418216256698891,-0.9241365271577361,0
FR.33,4,-0.03609111033604995,0.24720043671262493,0.990773057988291,-0.43590297404293504,-0.018150568321177285,-1.069770769176952,1.4385879845588274,0.8479476588331846,1.0813558760853237,0.5704836292865463,0.6782736658897045,0.3294849262296321,4,0,1.0,0.25,0.25,0.0,0.5,3.25,0.8243556234805364,0.5,-0.6250417760959275,-0.44336825620736275,0.5208770887390679,-0.3392035688505032,3
FR.42,5,-0.10302151456445605,0.30717211998084143,-0.012803996282258012,0.5974874160319982,-0.5305091831774275,-0.364904040056944,1.6696439505491523,0.9316682302725059,0.7708867283177007,0.786825593857248,1.2443860422109432,1.2957879650778394,5,0,1.0,0.4,0.0,0.4,0.2,3.0,1.1165330850475648,0.4,0.6650523494855028,-0.9436554101710766,0.5208770887390679,-2.1295848483956474,0
FR.51,5,0.7687557330112823,0.3741686998165166,0.27141282954967105,0.5394117560882804,0.12844301909964354,0.1720815809087736,1.303978627020397,1.0254470534534739,0.9885621758176039,0.6881029319294638,1.2966571515707213,1.1879988030922957,5,0,1.0,0.4,0.2,0.2,0.2,3.2,1.0817911238139926,0.4,0.5116510574822624,-0.9436554101710766,0.5208770887390679,-1.9761835563924068,0
FR.52,6,-0.07360432252318938,0.14043646380287206,-0.7389765449201859,0.3279714981326664,0.7378278226020587,-1.1862094109769827,1.3061759895827894,1.1067203527646843,0.783790102166235,1.2850336993317852,0.6860193002556589,0.65677514749966,6,0,1.0,0.16666666666666666,0.5,0.3333333333333333,0.0,2.8333333333333335,0.9707524319334689,0.5,0.02136558734702771,-0.44336825620736275,0.5208770887390679,-0.9856109322934583,1
FR.53,4,-0.8973353391968493,0.9325341761617757,0.5385748369055376,0.10747042423243386,-0.44727586035421996,0.14743951349983292,0.7832147630956222,1.1187130319754115,0.9216478716572014,1.3578939903506888,1.3614202745725843,1.5790787515319145,4,0,1.0,0.0,0.25,0.25,0.5,3.0,1.1869947805305705,0.5,0.9761722385200629,-0.44336825620736275,0.5208770887390679,-1.9404175834664936,3
FR.61,5,0.45731506143154077,0.19548309802277727,0.38081922515718647,0.32276773736209435,0.3105826998303206,-1.077845021856358,1.245832382373391,1.4034109746120644,1.3238872988266395,0.9780173690059233,1.528044428328881,0.4046986871632269,5,0,1.0,0.4,0.0,0.2,0.4,3.0,1.1473151900516878,0.4,0.8009691057810243,-0.9436554101710766,0.5208770887390679,-2.2655016046911687,0
FR.62,3,1.3141036388500187,0.5665650007020312,-0.23430615748857253,0.926151989179553,0.6728160541727798,-0.34779717621860606,0.781701141425146,0.7793959016400472,0.2526005011262169,0.6577992092089942,0.9378894893828875,0.8436676949736143,5,2,0.6,1.0,0.0,0.0,0.0,1.3333333333333333,0.7088423229594843,1.0,-1.1350846439799864,2.058067513611207,-2.26959982584243,5.462751983433623,0
FR.63,3,-1.202320103117806,0.3759133555200147,1.1730978803316998,-0.23888105264030104,0.17377836431270563,0.49780151290711894,0.9575956153985552,0.8613718526265226,1.7449350398134358,1.6323953809620178,1.6755701171119712,0.4881921982349877,4,1,0.75,0.0,0.3333333333333333,0.3333333333333333,0.3333333333333333,3.0,1.2266767006912485,0.3333333333333333,1.15138565784583,-1.2771801794802196,-1.223170982874368,-1.2053948544516813,1
FR.71,4,-0.31658056061855383,0.7660191999494161,-0.45239110618928446,-0.5343914746543768,0.030561879704073584,-0.7760076349495575,1.9325943446368552,1.4738276343711538,1.0171018069150748,0.3628141720881474,1.049140102564038,1.2600211756136728,5,1,0.8,0.25,0.5,0.0,0.25,2.75,1.1825832060314903,0.5,0.9566931646883442,-0.44336825620736275,-0.8743613685516806,-0.5257000523440264,1
FR.72,4,1.21729436968092,0.34889626946610497,-0.33255577361310346,-0.36648311822726387,-0.05489966314359555,-0.7388659313445305,0.68113137134402,0.07050557293827166,0.6683688474203753,1.6489390611342263,0.5426391969898494,0.7324616486725214,5,1,0.8,1.0,0.0,0.0,0.0,3.25,0.724007616416544,1.0,-1.068123092952948,2.058067513611207,-0.8743613685516806,4.000551975115836,0
FR.73,4,-0.3277200352058913,0.3296485868127925,0.9525189948516274,-0.1440600330147933,-0.17662242589347768,0.10553908571336454,1.4107317853507042,1.1192403550829941,1.153564037243909,0.5941497392628327,1.070155733292508,1.922965841201658,4,0,1.0,0.0,0.25,0.25,0.5,2.25,1.2118012485724343,0.5,1.085703885915426,-0.44336825620736275,0.5208770887390679,-2.0499492308618565,3
HD.31,4,-0.09272788496470602,-1.1032859070393077,0.001757080492078636,1.1807452733088195,0.08745009053842254,0.4649050061655212,1.730155224893358,1.0727171184189348,0.8984741649387634,0.36194492491223756,0.6240747630699625,1.5296063476822956,4,0,1.0,0.5,0.0,0.5,0.0,3.25,1.036162090652592,0.5,0.3101784752996053,-0.44336825620736275,0.5208770887390679,-1.274423820246036,0
HD.51,2,0.28222431348880467,-1.0969668560684687,0.2290202094576727,-0.1445853477658151,0.4312390360739836,0.2486346129671056,0.35061176924761184,0.9511288017936875,0.5620696400947423,0.38303196619481433,1.0857119157880475,0.5595015243483068,2,0,1.0,0.5,0.0,0.5,0.0,2.5,0.648675936244535,0.5,-1.4007461417632776,-0.44336825620736275,0.5208770887390679,0.43650079681684695,0
HD.61,3,-0.14884810880423638,-0.561247509960978,-0.7201740645205884,0.538177143051008,-0.741030521489037,1.2415469277902327,1.4588862826652278,1.114415928981719,0.8369538423058477,0.5971812349755715,0.917227361026764,0.42630167377471273,3,0,1.0,0.3333333333333333,0.0,0.6666666666666666,0.0,3.3333333333333335,0.8918277206216404,0.6666666666666666,-0.32712230039253254,0.39044366706549366,0.5208770887390679,0.19668887871895824,2
MO.71,9,-0.6727238127073742,1.4139652976271553,-0.39372368073991476,0.47656106134560045,0.9492080265600443,-0.8749763212055632,0.6135355206624546,1.4210854812272435,1.858735051705633,0.9663775652584082,0.4814629367585879,1.1447913995944357,9,0,1.0,0.0,0.6666666666666666,0.0,0.3333333333333333,3.0,1.0809979925344604,0.6666666666666666,0.5081490282735357,0.39044366706549366,0.5208770887390679,-0.63858244994711,1
MO21,5,-0.07821376335614141,0.7585636838526065,-0.6899071255339215,-0.16285549895786672,0.6645640807444562,-0.7936054097452437,1.3863687980266701,0.7333298616619864,1.077078608689753,1.0884723656489173,1.3182069329269372,0.45816857803881045,7,2,0.7142857142857143,0.4,0.4,0.0,0.2,3.2,1.0102708574988457,0.4,0.19585710493598346,-0.9436554101710766,-1.472320707390573,0.3328081922835131,0
MO41,3,1.5561316864574177,0.09801656043405012,-0.7742686198089149,0.46734671808725653,-0.5166095066014017,1.2936684833687726,1.665092447642361,0.7716416177773948,0.30065243091581423,1.0702174820122465,1.1879373369901176,0.28452813040833813,3,0,1.0,0.6666666666666666,0.3333333333333333,0.0,0.0,2.6666666666666665,0.8800115742910454,0.6666666666666666,-0.3792958694500284,0.39044366706549366,0.5208770887390679,0.24886244777645417,0
MO42,2,2.1304503359497895,0.05485486733840958,-0.419241041787929,-0.4040092022613514,-1.1807808443250547,0.5283429620509972,1.3283242984848227,0.3615695565334307,0.4017910409596654,1.2477691877767172,1.23911182841631,0.42543381010290243,2,0,1.0,1.0,0.0,0.0,0.0,3.5,0.8339999537123081,1.0,-0.5824577461353492,2.058067513611207,0.5208770887390679,2.119648171007489,0
MO43,4,0.27791591862517456,0.8873548081592844,0.34840602131861076,-0.4797361332181381,-0.24694237345661246,0.5525218993082912,1.288326985165282,0.7018891469046219,0.9715131035916812,1.2632105751025482,0.8072618817410783,0.6729059372126369,4,0,1.0,0.5,0.0,0.0,0.5,2.5,0.9508512716196416,0.5,-0.06650693326227687,-0.44336825620736275,0.5208770887390679,-0.8977384116841538,0
MO51,9,0.39765139472571115,1.2099458891671158,-1.5166987722662275,-0.16153697324024519,0.9852225160178022,-1.3754264322680207,1.7898655263086618,0.9430685673951852,0.5718637335569032,1.0243099926327102,1.0481347380603234,0.9139642878816674,9,0,1.0,0.4444444444444444,0.4444444444444444,0.1111111111111111,0.0,3.0,1.0485344743059084,0.4444444444444444,0.3648080808310422,-0.7213055639649818,0.5208770887390679,-1.606990733535092,0
MO52,9,0.04812466432009825,0.639344199906043,-1.7304377081474986,0.9305048210647711,1.910047193482536,-1.2155536228142272,0.8584591323848384,1.0941853673963557,1.0359041826691595,0.7053027513915232,0.9882865344231072,1.2328054906625074,9,0,1.0,0.3333333333333333,0.5555555555555556,0.0,0.1111111111111111,3.111111111111111,0.9858239098212488,0.5555555555555556,0.08791290069068426,-0.16543094844974376,0.5208770887390679,-0.774220937879496,1
TU.51,5,-0.11815738637991983,-0.14624011117471936,0.5941264636092687,0.028654889994094025,0.14213321957974367,-0.6955964516359854,0.9287689514972985,1.3725707298654737,1.5445229067865671,1.249573073909185,1.510777572285258,0.2967808970752712,5,0,1.0,0.2,0.0,0.2,0.6,2.2,1.1504990219031757,0.6,0.8150271468989605,0.05691889775635108,0.5208770887390679,-1.2789853378816773,3
TU.52,1,-1.1816921469340762,-1.776903041786213,0.011882514399164984,0.7717330680010732,-1.0518788864294335,-0.5350105629226739,,,,,,,2,1,0.5,0.0,0.0,1.0,0.0,5.0,,1.0,,2.058067513611207,-2.967219054487804,,2
TU.53,4,-0.737909519563516,0.22549810631237,-0.5128989445116066,0.02486600729378778,-0.19353719049696289,0.20687983929196532,0.7864669636544936,0.7910739888815058,1.2502208856526347,0.2818704791343533,1.5169052714496718,0.8674288878048281,5,1,0.8,0.0,0.5,0.25,0.25,3.25,0.9156610794295812,0.5,-0.2218873653428106,-0.44336825620736275,-0.8743613685516806,0.6528804776871284,1
TU.54,5,-0.2438907835010881,1.3681276322189968,0.3126865475111137,0.25387539220379,-0.2672338787298546,-0.8879697203242071,1.235870478805329,1.2257021407739959,1.2659702785010838,1.1576242465511326,1.4734864401361512,0.6755994685405273,5,0,1.0,0.4,0.2,0.0,0.4,3.0,1.1723755088847032,0.4,0.9116216179162014,-0.9436554101710766,0.5208770887390679,-2.3761541168263456,0
TU.55,6,0.7353591771185805,-0.011704774485241765,-0.3282102428361319,0.4210256557977992,0.2237807146247257,-1.3503991693496769,0.9915270501251302,1.1516928023354935,0.8709841698486799,0.9026134667438083,1.0731803162390066,1.050271348436209,6,0,1.0,0.6666666666666666,0.0,0.16666666666666666,0.16666666666666666,3.1666666666666665,1.0067115256213879,0.6666666666666666,0.18014106331704552,0.39044366706549366,0.5208770887390679,-0.3105744849906198,0
